,Mean Coeff,σ Coeff
FS_IntraCranial_Vol,2.283077563948152,1.9319458705079695
FS_TotCort_GM_Vol,1.5894925975609793,0.9568854454974403
FS_Tot_WM_Vol,-0.6925127762390482,1.0440068836188703
FS_SubCort_GM_Vol,-0.6677485218430295,0.7448580566630288
FS_BrainSegVol_eTIV_Ratio,0.46691447878689396,1.071568169410805
